news_channel,url
The Independent,http://independent.co.uk/
Color Research & Application,https://onlinelibrary.wiley.com/journal/15206378
Tes,https://tes.com
Educational Studies,http://tandfonline.com
ACS Publications,https://pubs.acs.org
JAMA Surgery,http://archsurg.jamanetwork.com
HuffPost UK,http://huffingtonpost.co.uk
Cell,http://cell.com
Writer's Digest,http://writersdigest.com
Revista Época,https://oglobo.globo.com/epoca/
Terra,http://terra.com.br
The Telegraph,https://www.telegraph.co.uk/
Yahoo India,https://in.news.yahoo.com/
Yahoo News,https://news.yahoo.com/
Yahoo,https://yahoo.com/
Voice of America (VOA),http://voanews.com/
Yahoo Brazil,http://br.yahoo.com
Voz de América,https://www.vozdeamerica.com/
Variety,http://variety.com/
Connecticut Post,http://ctpost.com/
Greenwich Time,http://greenwichtime.com
Charleston Gazette-Mail,http://wvgazettemail.com
Danbury News-Times,http://newstimes.com
The Telegraph (Macon),http://macon.com
Baptist Standard,http://baptiststandard.com
The Alabama Baptist,http://www.thealabamabaptist.org/
The Pathway,http://mbcpathway.com
The Aquila Report,http://theaquilareport.com/
Authority Magazine,https://medium.com/authority-magazine
The Epoch Times,https://www.theepochtimes.com/
Thrive Global,http://thriveglobal.com
The Star (Kenya),http://the-star.co.ke
The Stage,http://thestage.co.uk
History Today,http://historytoday.com
SIAM News,http://sinews.siam.org
The Actuary (IFoA),http://theactuary.com
SwissInfo.ch,http://swissinfo.ch
UOL Notícias,http://noticias.uol.com.br
BBC Mundo,http://www.bbc.com/mundo
La Nación (Argentina),http://lanacion.com.ar
El Imparcial,http://elimparcial.com
AllAfrica,http://allafrica.com
The New Humanitarian,http://thenewhumanitarian.org
Zodiak Broadcasting Station,http://zodiakmalawi.com/
EMEA Tribune,http://emeatribune.com
Estado De Minas,http://em.com.br
Euronews,http://euronews.com
Agenda (World Economic Forum),https://weforum.org/agenda
Sensacine,http://sensacine.com
Sotheby's Magazine,http://sothebys.com
La Prensa Gráfica,http://laprensagrafica.com
Winnipeg Free Press,https://www.winnipegfreepress.com/
Yorkshire Evening Post,http://yorkshireeveningpost.co.uk/
Deseret News,https://deseret.com/
Des Moines Register,http://desmoinesregister.com/
London Review of Books,http://lrb.co.uk
CornwallLive,http://cornwalllive.com
This Is Local London,http://thisislocallondon.co.uk
Ealing Times,http://ealingtimes.co.uk
Hillingdon Times,http://hillingdontimes.co.uk
The Baptist Messenger,http://baptistmessenger.com
Splash UOL,https://www.uol.com.br/splash/
UOL,http://uol.com.br
Yahoo Entertainment,https://www.yahoo.com/entertainment/
Bad Deck Breakdowns,
Yahoo Canada,https://ca.news.yahoo.com/
Daily Mail,https://www.dailymail.co.uk/home/index.html
Post Outlook (The Washington Post),https://www.washingtonpost.com/outlook/
The Wall Street Journal,http://wsj.com/
The Times,http://thetimes.co.uk/
AIR MAIL,http://airmail.news
CrimeReads,http://crimereads.com
The Conversation,http://theconversation.com
Phys.org,http://phys.org
Buffalo News,http://buffalonews.com/
Honolulu Star-Advertiser,http://staradvertiser.com/
Schools Week,http://schoolsweek.co.uk
Yale Daily News,http://yaledailynews.com
The Daily Californian,http://dailycal.org
Brighton Magazine,http://magazine.brighton.co.uk
Delta Democrat Times,http://ddtonline.com
TeachingTimes,http://teachingtimes.com
Yahoo News Australia,https://au.news.yahoo.com/
Yahoo Finance,https://finance.yahoo.com/
Yahoo Sports,https://sports.yahoo.com/
Medium,http://medium.com/
The Globe and Mail,http://theglobeandmail.com
New Zealand Herald,http://nzherald.co.nz/
Baltimore Sun,http://baltimoresun.com/
Taylor & Francis,https://tandfonline.com/
Royal Society of Chemistry,http://pubs.rsc.org
The (Toronto) Star,http://thestar.com/
National Post,http://nationalpost.com/
Ottawa Citizen,http://ottawacitizen.com
Journal of Food Protection,https://meridian.allenpress.com/jfp
Leadership Newspaper,http://leadership.ng
International Tax Review,http://internationaltaxreview.com
Caledon Enterprise,http://caledonenterprise.com
Daily Mirror,http://mirror.co.uk/
Daily Express,http://express.co.uk/
The Chronicle,http://chroniclelive.co.uk/
Yorkshire Live,http://examinerlive.co.uk
News Sniffer,http://newssniffer.co.uk
Play Crazy Game,http://playcrazygame.com
Yerepouni Daily News,http://yerepouni-news.com
G1,http://g1.globo.com
The Guardian,http://theguardian.com/
Forbes,http://forbes.com
The IMDb Show,http://imdb.com/show
Newsweek,http://newsweek.com
The Hollywood Reporter,http://hollywoodreporter.com/
People Magazine,http://people.com
New York Magazine,http://nymag.com
Yahoo Singapore,https://sg.news.yahoo.com/
Financial Times,http://ft.com/
The Times of India,http://timesofindia.indiatimes.com
Business Standard,http://business-standard.com/
TODAY (Singapore),http://todayonline.com
Business Post,http://businesspost.ie/
Daily Business,http://dailybusinessgroup.co.uk
Flipboard,http://flipboard.com
Business.com,http://business.com
BBC Radio 4,https://bbc.co.uk/radio4
Folha de S.Paulo,https://www.folha.uol.com.br/
Época Negócios,http://epocanegocios.globo.com
HuffPost,https://huffpost.com/
iG,http://ig.com.br
Nature,http://nature.com
Devon Live,http://devonlive.com
ABC News (Australia),http://abc.net.au/news/
USA Today,http://usatoday.com/
ABC Science,https://www.abc.net.au/news/science/
NBC News,http://nbcnews.com
Wiley Online Library,http://onlinelibrary.wiley.com
Business Insider,https://www.businessinsider.com/
The Hill,http://thehill.com/
United Press International (UPI),http://upi.com
Computer Weekly,http://computerweekly.com
Irish Mirror,http://irishmirror.ie
San Francisco Chronicle,http://sfchronicle.com
BBC Sport,http://www.bbc.com/sport
Eastern Daily Press,http://edp24.co.uk
The Times of Northwest Indiana,http://nwitimes.com
Byline Times,http://bylinetimes.com
Lithuanian National Television,http://lrt.lt
On Line Opinion,http://onlineopinion.com.au
InYourArea.co.uk,http://inyourarea.co.uk
Yahoo Sports Canada,https://ca.sports.yahoo.com
Christian Today,http://christiantoday.com
Lexology,http://lexology.com
Luxury Daily,http://luxurydaily.com
Bookreporter,http://bookreporter.com
Birmingham Live,http://birminghammail.co.uk
Semana,http://semana.com
Radio New Zealand (RNZ),https://rnz.co.nz/
Nepali Times,http://nepalitimes.com
Groundviews,http://groundviews.org
BBC,https://bbc.co.uk/
BBC World Service,http://bbc.co.uk/worldserviceradio
Philadelphia Inquirer,https://inquirer.com/
aeon,http://aeon.co
Storyful,http://storyful.com/
Neos Kosmos,http://neoskosmos.com
Monterey County Weekly,http://montereycountyweekly.com
Health Digest,http://healthdigest.com
Doximity's Op-Med,https://opmed.doximity.com/
Inner Power,https://innerself.com
BBC Radio Cumbria,https://www.bbc.co.uk/sounds/play/live:bbc_radio_cumbria
Yahoo News Malaysia,https://malaysia.news.yahoo.com/
Metro (UK),http://metro.co.uk
Memory Studies,https://journals.sagepub.com/home/mss
MSN,http://msn.com/
Canadian Journal of Higher Education,http://journals.sfu.ca/cjhe/index.php/cjhe
MalaysianDigest.com,http://malaysiandigest.com
The Atlantic,http://theatlantic.com
Investopedia,http://investopedia.com
Expansión,http://expansion.com
Nasdaq,http://nasdaq.com
Seeking Alpha,http://seekingalpha.com
City A.M.,http://cityam.com/
Christianity Today,http://christianitytoday.com
Mehr News Agency,http://en.mehrnews.com
The Architects' Journal,http://architectsjournal.co.uk
Nursing Times,http://nursingtimes.net
Health Service Journal,http://hsj.co.uk
Pulse Magazine,http://pulsetoday.co.uk
Children & Young People Now,http://cypnow.co.uk
Local Government Chronicle,http://lgcplus.com
African-American News & Issues,http://aframnews.com
Bloomberg News,http://bloomberg.com
Eurogamer,http://eurogamer.net
Frontline Gastroenterology,http://fg.bmj.com/
PC Gamer,http://pcgamer.com
PC Gamer (UK),https://pcgamer.com/uk/
Glamorgan Gazette,http://walesonline.co.uk/all-about/bridgend
Manchester Evening News,http://manchestereveningnews.co.uk
Wales Online,https://www.walesonline.co.uk/
Her Campus,http://hercampus.com
Nottingham Post,http://nottinghampost.com/
Derby Telegraph,http://derbytelegraph.co.uk
User Walls,http://userwalls.com
Global Financial Market Review,http://gfmreview.com
Yahoo News UK,https://uk.news.yahoo.com/
Evening Standard,http://standard.co.uk/
The Standard (Kenya),http://standardmedia.co.ke
Yahoo Finanças,https://br.financas.yahoo.com/
Disrupt Africa,http://disrupt-africa.com
The New York Times,http://nytimes.com/
Fast Company,http://fastcompany.com/
Fortune,http://fortune.com
Quartz,http://qz.com/
The Next Web,http://thenextweb.com/
The Maravi Post,http://maravipost.com
Sydney Morning Herald,http://smh.com.au
European Urban and Regional Studies,http://eur.sagepub.com/
The Age,http://theage.com.au
Reason,http://reason.com/
Brisbane Times,http://brisbanetimes.com.au
Santa Barbara Independent,http://independent.com
BMJ Open,http://bmjopen.bmj.com/
Electric Literature,http://electricliterature.com
BBC News at One,https://www.bbc.co.uk/programmes/b007mpl9
Los Angeles Times,http://latimes.com
Slate,http://slate.com/
South China Morning Post,http://scmp.com
Bored Panda,http://boredpanda.com
Patch,http://patch.com
"KOVR-TV (Sacramento, CA)",https://www.cbsnews.com/sacramento/
"WBZ-TV (Boston, MA)",https://www.cbsnews.com/boston/
U.S. News & World Report,http://usnews.com
"KNBC-TV (Los Angeles, CA)",http://nbclosangeles.com/
"KNTV-TV (San Jose, CA)",http://nbcbayarea.com/
Journal Sun,https://wickedlocal.com/journalsun/
"KNSD-TV (San Diego, CA)",http://nbcsandiego.com/
Brasil Online,https://bol.uol.com.br
El País,http://elpais.com
MSN UK,http://msn.com/en-gb
Perry County Times,http://pennlive.com/perry-county-times/
Tampa Bay Times,http://tampabay.com/
The Sacramento Bee,http://sacbee.com
The Observer (Case Western Reserve),http://observer.case.edu
The Penny Hoarder,http://thepennyhoarder.com
Ms. Magazine,http://msmagazine.com
"Watertown Daily Times (Watertown, NY)",https://nny360.com/
University of Washington Daily,http://dailyuw.com
Conway Daily Sun,http://conwaydailysun.com
The Sunday Times,https://thetimes.co.uk/?sunday
SBS,http://sbs.com.au
New Statesman,http://newstatesman.com/
The Banbridge Leader,http://banbridgeleader.co.uk
The World from PRX,https://theworld.org/
The South Asian Journal of Management Sciences,http://sajms.iurc.edu.pk/
Daily Times,http://dailytimes.com.pk
Financial Advisor,http://fa-mag.com
Anchorage Daily News,http://adn.com
The National Law Review,http://natlawreview.com
Fairbanks Daily News-Miner,http://newsminer.com
The Journal of Biological Chemistry,http://jbc.org
Mat-Su Valley Frontiersman,http://frontiersman.com
Event Industry News,http://eventindustrynews.com
The Bristol Bay Times,http://thebristolbaytimes.com/
InvenGlobal,http://invenglobal.com
Awake At Night,https://www.un.org/en/awake-at-night
Hull Daily Mail,http://hulldailymail.co.uk/
Elephant Journal,http://elephantjournal.com
Berkshire Live,http://getreading.co.uk
Leeds Live,http://leeds-live.co.uk
Advance for Nurses,http://nursing.advanceweb.com
DNA India,http://dnaindia.com
Polygon,http://polygon.com/
Business 2 Community,http://business2community.com
Business Daily,https://bbc.co.uk/programmes/p002vsxs
Holistic Women's Health,https://podcasts.apple.com/us/podcast/holistic-womens-health/id1537830674
Marketplace,http://marketplace.org/
The London Economic,http://thelondoneconomic.com
TNT Magazine (UK),http://tntmagazine.com
Burton Mail,http://burtonmail.co.uk/
The Spectator,http://spectator.co.uk/
Grazia Magazine (UK),https://graziadaily.co.uk/
Domino,http://domino.com
Global News Podcast,https://bbc.co.uk/programmes/p02nq0gn
RealClear History,http://realclearhistory.com
The Washington Post,http://washingtonpost.com/
Boston.com,http://boston.com
Houston Chronicle,http://chron.com/
Seattle Times,http://seattletimes.com/
LinkedIn,http://linkedin.com/
The Sun,http://thesun.co.uk/
Yahoo Esportes,https://esportes.yahoo.com/
RealClear Science,http://realclearscience.com
BBC Radio 5 Live,https://bbc.co.uk/5live
"KESQ-TV (Thousand Palms, CA)",http://kesq.com
Muse by Clio,http://musebycl.io
Earth Matters,https://3cr.org.au/earthmatters
Bloomberg CityLab,https://bloomberg.com/citylab
MSN Canada,http://msn.com/en-ca
British Journal of Sports Medicine,http://bjsm.bmj.com/
JournalnewsOnline,http://journalnews.com.ph
The Herald (Scotland),http://heraldscotland.com/
The Press and Journal,http://pressandjournal.co.uk
Stylist Magazine,http://stylist.co.uk
BBC News,https://www.bbc.com/news
MLive,http://mlive.com/
The Daily Progress,http://dailyprogress.com/
Bozeman Daily Chronicle,http://bozemandailychronicle.com
The New Stack,http://thenewstack.io
Charlottesville Tomorrow,http://cvilletomorrow.org
Yahoo en Español,https://espanol.yahoo.com
BusinessGhana,http://businessghana.com
Reuters,http://reuters.com/
Coventry Live,http://coventrytelegraph.net/
Taipei Times,http://taipeitimes.com
BYU-I Scroll,http://byuiscroll.org
ACED Magazine,http://acedmagazine.com
Free Movement,http://freemovement.org.uk
The Quint,http://thequint.com
Pediatrics,http://pediatrics.aappublications.org
BQ Prime,https://www.bqprime.com/
Orthopedics Today,https://www.healio.com/news/orthopedics
Future Medicine,http://futuremedicine.com
BBC World,https://www.bbc.com/news/world
Aol,http://aol.com
Kitsap Sun,http://kitsapsun.com
Newsroom New Zealand,http://newsroom.co.nz
The Union,http://theunion.com
theHRDIRECTOR,https://thehrdirector.com/
Insightful Accountant,http://intuitiveaccountant.com
Nisqually Valley News,http://yelmonline.com/
NPR,http://npr.org/
Kansas City Star,http://kansascity.com/
"WLRN-FM (Miami, FL)",http://wlrn.org/
"KPBS-TV (San Diego, CA)",http://kpbs.org/
"KRCC-FM (Colorado Springs, CO)",https://www.cpr.org/krcc/
"KUOW-FM (Seattle, WA)",http://kuow.org/
Yahoo Australia,https://au.yahoo.com/
Southern Seminary Magazine,http://sbts.edu
Stuff.co.nz,http://stuff.co.nz
Pharmaceutical Online,http://pharmaceuticalonline.com
Cultured Food Life,https://www.culturedfoodlife.com
All Sides with Ann Fisher,https://news.wosu.org
DemandLab,http://demandlab.com
Foreign Policy Magazine,http://foreignpolicy.com/
Toronto Sun,http://torontosun.com/
Tor.com,http://tor.com
BBC Radio 1,https://bbc.co.uk/radio1
BBC Radio 1Xtra,https://bbc.co.uk/1xtra
Dhaka Tribune,http://dhakatribune.com
"WPTV-TV (West Palm Beach, FL)",http://wptv.com/
East Asia Forum,http://eastasiaforum.org
Shooting UK,http://shootinguk.co.uk/
LabourList,http://labourlist.org
New Age (Bangladesh),http://newagebd.net
TabbFORUM,http://tabbforum.com
Renewal,http://renewal.org.uk/
Northants Live,http://northantslive.news
CNN,http://cnn.com
Elemental,https://elemental.medium.com/
GEN Magazine,https://gen.medium.com
OneZero,https://onezero.medium.com/
Business Report,https://iol.co.za/business-report
Belfast Telegraph,http://belfasttelegraph.co.uk/
Vail Daily,http://vaildaily.com
FE News,https://fenews.co.uk/
Ghana Waves,http://ghanawaves.com
Salon,http://salon.com
Mongabay,http://mongabay.com
AlterNet,http://alternet.org
Scroll.in,http://scroll.in
Eco-Business,http://eco-business.com
Gal-Dem,http://gal-dem.com
Sounds and Colours,http://soundsandcolours.com
BBC Radio Ulster,https://www.bbc.co.uk/sounds/play/live:bbc_radio_ulster
Irish Times,http://irishtimes.com/
Belfast Live,http://belfastlive.co.uk/
The National (Scotland),http://thenational.scot
Belfast News Letter,http://newsletter.co.uk
The Ghanaian Chronicle,http://thechronicle.com.gh
Business Telegraph (UK),http://businesstelegraph.co.uk
El Tiempo,http://eltiempo.com
MarketWatch,http://marketwatch.com
Common Dreams,http://commondreams.org
Metropolis Magazine,http://metropolismag.com/
MoneyWeek,http://moneyweek.com
Falls Church News-Press,http://fcnp.com
MSN Australia,https://msn.com/en-au
BusinessDay Nigeria,https://businessday.ng/
National Accord Newspaper,http://nationalaccordnewspaper.com
Desert Herald Newspaper,http://desertherald.com
The ASEAN Post,http://theaseanpost.com
Global Security,https://theworld.org/
RealClear Politics,http://realclearpolitics.com
The Telegraph (India),http://telegraphindia.com
Miami Herald,http://miamiherald.com/
CNN International,http://edition.cnn.com/
The Guardian Australia,https://theguardian.com/au
Fox News,http://foxnews.com/
MSN South Africa,https://msn.com/en-za/
Liverpool Echo,http://liverpoolecho.co.uk
Yahoo Style Singapore,https://sg.style.yahoo.com/
BuzzFeed,http://buzzfeed.com/
INSIDER,http://insider.com
Business Insider Australia,http://businessinsider.com.au
Mondaq,http://mondaq.com/
Wiley,https://www.wiley.com/en-rs
Irish Independent,http://independent.ie
Martech Series,http://martechseries.com
Campaign (US),http://campaignlive.com
"WCTV-TV (Tallahassee, FL)",http://wctv.tv
"WJHG-TV (Panama City Beach, FL)",http://wjhg.com
Wyoming News Now,http://wyomingnewsnow.tv
Strategy Online,http://strategyonline.ca/
Fox Business,http://foxbusiness.com
Elombah News,http://elombah.com
The Patriot News,http://pennlive.com
JD Supra,http://jdsupra.com
AZ Big Media,http://azbigmedia.com
Keene Sentinel,http://sentinelsource.com
Estate Agent Today,http://estateagenttoday.co.uk
Sales Hacker,http://saleshacker.com
Cumberland County News,http://cumberlandcountynewspaper.com/
BBC Radio Cornwall,https://www.bbc.co.uk/sounds/play/live:bbc_radio_cornwall
BBC Radio Devon,https://www.bbc.co.uk/sounds/play/live:bbc_radio_devon
BBC South Africa,http://bbcsouthafrica.com
The Guardian (Nigeria),http://guardian.ng
Daily Monitor,http://monitor.co.ug/
Yahoo España,https://es.noticias.yahoo.com/
BlogHer,http://blogher.com
NexusNewsfeed.com,http://nexusnewsfeed.com
Radio Ambulante,http://radioambulante.org/
O Globo,http://oglobo.globo.com
Wichita Business Journal,http://bizjournals.com/wichita/
The Startup,https://medium.com/swlh
Denver Business Journal,http://bizjournals.com/denver/
Kansas City Business Journal,http://bizjournals.com/kansascity/
The Business Journals,http://bizjournals.com/
Elsevier,http://elsevier.com
The Drum,http://thedrum.com/
Campaign (UK),http://campaignlive.co.uk/
Health Affairs,http://healthaffairs.org
Law360,http://law360.com
Good Therapy,http://goodtherapy.org
SFGate,http://sfgate.com
Washington Times,http://washingtontimes.com/
Channel 4 News,http://channel4.com/news/
Bizcommunity,http://bizcommunity.com
GreenBiz,http://greenbiz.com
The Africa Report,http://theafricareport.com
CNBC Africa,http://cnbcafrica.com
New African (UK),http://newafricanmagazine.com
African Business,https://african.business/
ABC News,http://abcnews.go.com
Search Engine Journal,http://searchenginejournal.com
Yale Environment 360,http://e360.yale.edu
Times of Israel,http://timesofisrael.com/
Search Engine Watch,http://searchenginewatch.com
Sight & Sound,http://bfi.org.uk/news-opinion/sight-sound-magazine
CNN en Español,http://cnnespanol.cnn.com/
CNN Travel,https://cnn.com/travel
VICE,http://vice.com/
VICE Australia,https://www.vice.com/en/topic/vice-australia
VICE en Español,https://www.vice.com/es
Vice Nederlands,https://www.vice.com/nl
VICE UK,https://vice.com/en_uk
The Scotsman,http://scotsman.com/
Wales on Sunday,http://www.walesonline.co.uk/
Western Mail,http://walesonline.co.uk/
The Denver Post,http://denverpost.com/
BBC Wales Today,https://www.bbc.com/news/wales
Coastal News Today,http://coastalnewstoday.com
Sunday Mirror,http://mirror.co.uk/
Scotland on Sunday,http://scotsman.com/
Essence,http://essence.com
CNBC,http://cnbc.com/
Yahoo Finance UK,https://uk.finance.yahoo.com
Channel NewsAsia,http://channelnewsasia.com
ITNOW,http://itnow.oxfordjournals.org/
Christian County Headliner News,http://ccheadliner.com
Nairaland Forum,http://nairaland.com
The Shuttle,http://kidderminstershuttle.co.uk
Psychology Today,http://psychologytoday.com
STAT,http://statnews.com
Seattle Post-Intelligencer,http://seattlepi.com
"KCBS-AM (San Francisco, CA)",https://audacy.com/kcbsradio
Missoulian,http://missoulian.com/
FCW,http://fcw.com
Marin Independent Journal,http://marinij.com
PodiumRunner,http://podiumrunner.com
Journalism.co.uk,http://journalism.co.uk/
The Wire (India),http://thewire.in
Qatar Day,http://qatarday.com
Times Radio,https://thetimes.co.uk/radio
Epicurious,http://epicurious.com
Bookclub,http://www.bbc.co.uk/programmes/b006s5sf
Radio Times,http://radiotimes.com
MLex Market Insight,http://mlexmarketinsight.com
Time Magazine,http://time.com
Calgary Herald,http://calgaryherald.com/
The Local (Sweden),http://thelocal.se
The Local (France),https://www.thelocal.fr/
The Local (Switzerland),https://www.thelocal.ch/
The Local (Spain),http://thelocal.es
The Local (Italy),https://www.thelocal.it/
The Local (Austria),https://www.thelocal.at/
JSTOR Daily,https://daily.jstor.org/
Sports Illustrated,http://si.com/
The Times South Africa,http://timeslive.co.za/
SDE Kenya,http://sde.co.ke
Correio Braziliense,http://correiobraziliense.com.br
Dazed Magazine,http://dazeddigital.com
Women's Republic,http://womensrepublic.net
Upstream,http://upstreamonline.com
Forbes Advisor,https://forbes.com/advisor/
betanews,http://betanews.com
Autosport,http://autosport.com
"CICZ-FM (Midland, ON)",https://www.iheartradio.ca/bounce/simcoe-county
New Hampshire Public Radio,http://nhpr.org
"WAMC, Northeast Public Radio",http://wamc.org
Texas Public Radio (TPR),http://tpr.org
"WWNO-FM (New Orleans, LA)",http://wwno.org
"KRWG-TV (Las Cruces, NM)",http://krwg.org
Inc.,http://inc.com
Edinburgh Evening News,http://edinburghnews.scotsman.com/
Ayrshire Post,http://dailyrecord.co.uk/all-about/ayr
Family Law,http://familylaw.co.uk
The i Paper,http://inews.co.uk
Let's Talk Social Work,http://www.basw.co.uk
Decanter,http://decanter.com
Clash,http://clashmusic.com
Neurology,http://neurology.org
Just-Drinks,http://just-drinks.com
Just-Food,http://just-food.com
Imbibe,http://imbibe.com
Drinks Retailing News,http://drinksretailingnews.co.uk
Haymarket Media,http://haymarket.com
World Architecture News,http://worldarchitecturenews.com
ScienceAlert,http://sciencealert.com
"Mary Ann Liebert, Inc.",http://liebertpub.com
Science Magazine,http://science.org
Ancient Origins,http://ancient-origins.net
Times of Malta,http://timesofmalta.com
Gooner,http://onlinegooner.com
IQ Stock Market,http://iqstockmarket.com
Pittsburgh Post-Gazette,http://post-gazette.com/
Lawfare,http://lawfareblog.com
War on the Rocks,http://warontherocks.com
RealClear Defense,http://realcleardefense.com
Film Threat,http://filmthreat.com
West London Sport,http://westlondonsport.com
The Beesotted Brentford Pride of West London Podcast,http://beesotted.com
Bleacher Report,http://bleacherreport.com
Football Italia,http://football-italia.net
Redbrick,http://redbrick.me
Business Mondays,http://businessmondays.co.uk
Yahoo Movies Canada,https://ca.movies.yahoo.com
Yahoo Movies UK,https://uk.movies.yahoo.com/
"WCMY-AM (Ottawa, IL)",http://1430wcmy.com
"WJBD-FM (Salem, IL)",https://southernillinoisnow.com/
EQ International,http://eqmagpro.com
"KSOM-FM (Audubon, IA)",http://westerniowatoday.com
Swagger Magazine,http://swaggermagazine.com
Jewish Telegraphic Agency,http://jta.org/
The Forward,http://forward.com/
Microgrid Knowledge,http://microgridknowledge.com
The Chemical Engineer (tce),http://thechemicalengineer.com
Womanthology,http://womanthology.co.uk
Frontiers,http://frontiersin.org
Eagle-Tribune,http://eagletribune.com
The World Bank Research Observer,http://oxfordjournals.org
Bangor Daily News,http://bangordailynews.com
Asbury Park Press,http://app.com
"The Salem News (Salem, MA)",http://salemnews.com
Decatur Daily,http://decaturdaily.com
Gloucester Daily Times,http://gloucestertimes.com
The Daily News of Newburyport,http://newburyportnews.com
S&P Global,http://spglobal.com
S&P Global Platts,https://spglobal.com/platts/en
The Oklahoman,http://oklahoman.com
Platts Nucleonics Week,https://www.spglobal.com/platts/en/products-services/electric-power/nucleonics-week
PLATTS POWER IN EUROPE,https://www.spglobal.com/platts/en/products-services/electric-power/power-in-europe
Real Daily,http://realdaily.com
The Royal Army Medical Corps Journal,http://jramc.bmj.com
Veterinary Record,http://veterinaryrecord.bmj.com
Mother Earth News,http://motherearthnews.com
"The News-Gazette (Champaign, IL)",http://news-gazette.com/
InDaily,http://indaily.com.au
GolfWRX,http://golfwrx.com
Water & Wastes Digest,http://wwdmag.com
Call Centre Helper,http://callcentrehelper.com